{
    "max_iter": 8,
    "gamma": 9.979389343584788,
    "lambda1": 10.22538155082258,
    "k1": 0.6759951105800489,
    "lambda2": 75,
    "k2": 3.8627431747047076,
    "angle": 2.906146166960066,
    "size": 88
}