{
    "max_iter": 1,
    "gamma": 7.252602544528944,
    "lambda1": 7.70087312371788,
    "k1": 3.7250175228070654,
    "lambda2": 45,
    "k2": 3.8079210181957333,
    "angle": 1.410371696209873,
    "size": 5
}